diet,title,recipe_id,calories,carbs,fat,protein
Vegetarian,Cannellini Bean and Asparagus Salad with Mushrooms,782585,,,,
Vegetarian,Berry Banana Breakfast Smoothie,715497,,,,
Vegetarian,Asparagus and Pea Soup: Real Convenience Food,716406,,,,
Vegetarian,Garlicky Kale,644387,,,,
Vegetarian,Red Kidney Bean Jambalaya,782601,,,,
Vegetarian,"Cauliflower, Brown Rice, and Vegetable Fried Rice",716426,,,,
Vegetarian,Hummus and Za'atar,766453,,,,
Vegetarian,Easy Homemade Rice and Beans,716627,,,,
Vegetarian,Tuscan White Bean Soup with Olive Oil and Rosemary,664147,,,,
Vegetarian,Crunchy Brussels Sprouts Side Dish,640941,,,,
Vegetarian,Broccoli and Chickpea Rice Salad,794349,,,,
Vegetarian,Broccolini Quinoa Pilaf,715769,,,,
Vegetarian,Farro With Mushrooms and Asparagus,642605,,,,
Vegetarian,Herbivoracious' White Bean and Kale Soup,646738,,,,
Vegetarian,Summer Berry Salad,715540,,,,
Vegetarian,Tomato and lentil soup,663559,,,,
Vegetarian,Swiss Chard Wraps,662670,,,,
Vegetarian,Corn Avocado Salsa,640062,,,,
Vegetarian,Finger Foods: Frittata Muffins,716432,,,,
Vegetarian,Spicy Black-Eyed Pea Curry with Swiss Chard and Roasted Eggplant,798400,,,,
Vegetarian,Quinoa Salad with Vegetables and Cashews,782600,,,,
Vegetarian,Moroccan chickpea and lentil stew,652417,,,,
Vegetarian,Citrusy Pecan Garbanzo Couscous: A Salad For Cold Weather,639535,,,,
Vegetarian,Strawberry-Mango Quinoa Salad,661925,,,,
Vegetarian,Lentil Salad With Vegetables,649931,,,,
Vegetarian,Moroccan Couscous and Chickpea Salad,652423,,,,
Vegetarian,Homemade Guacamole,715543,,,,
Vegetarian,"Spicy Salad with Kidney Beans, Cheddar, and Nuts",157344,,,,
Vegetarian,Roasted Broccoli with Lemon and Garlic,658509,,,,
Vegetarian,Spicy Indian-Style Hummus,716195,,,,
Vegetarian,Snap Pea and Green Bean Salad with Arugula Pesto,765011,,,,
Vegetarian,Vegetable Dip,664547,,,,
Vegetarian,Curried Butternut Squash and Apple Soup,641057,,,,
Vegetarian,Amaranth and Roast Veggie Salad,632269,,,,
Vegetarian,Carrot and Cabbage Salad With Coriander+cumin Dry Rub,637162,,,,
Vegetarian,Instant Pot Quinoa Grain Bowl,982371,,,,
Vegetarian,Roasted Cauliflower Detox Bowl with Tahini Sauce,1095753,,,,
Vegetarian,Smoky Black Bean Soup With Sweet Potato & Kale,660405,,,,
Vegetarian,Alouette® Stuffed Mushroom Caps,632252,,,,
Vegetarian,Easy Roasted Vegetables,642085,,,,
Vegetarian,Chilled Cucumber Avocado Soup with Yogurt and Kefir,716437,,,,
Vegetarian,Butternut Squash Soup (In Half An Hour!),636602,,,,
Vegetarian,Doughnuts,716276,,,,
Vegetarian,Lentil Mango Salad,649944,,,,
Vegetarian,Gujarati Dry Mung Bean Curry,646043,,,,
Vegetarian,Basil Tagliatelle with Roasted Red Bell Pepper Salad,634437,,,,
Vegetarian,Moosewood Lentil Soup,652393,,,,
Vegetarian,Broccoli Tartar,636228,,,,
Vegetarian,Broccoli with cheese soup,636230,,,,
Vegetarian,Balsamic Roasted Vegetables,633942,,,,
Vegetarian,Ancient Grains Bread,632347,,,,
Vegetarian,Lemony Greek Lentil Soup,649886,,,,
Vegetarian,"Vietnamese Pancakes with Vegetables, Herbs and a Fragrant Dipping Sauce (Bánh Xèo)",716217,,,,
Vegetarian,"Butternut Squash, Arugula and Goat Cheese Quinoa",636608,,,,
Vegetarian,Lebanese Tabouleh,649411,,,,
Vegetarian,Hummus with roasted orange peppers,647634,,,,
Vegetarian,Radish & Snap Pea Quinoa Salad,657719,,,,
Vegetarian,Baby Bok Choy Stir Fry,633226,,,,
Vegetarian,Baked Penne,633711,,,,
Vegetarian,Penne Arrabiata,655573,,,,
Vegetarian,Delicious Creamy Lentils and Chestnuts Soup,641387,,,,
Vegetarian,Mushroom Goat Cheese Baked Eggs,782619,,,,
Vegetarian,"Spicy lentil and black rice soup with kale, spinach and leek",661122,,,,
Vegetarian,Cauliflower Rice,1697645,,,,
Vegetarian,Pasta With Chickpeas and Kale,654905,,,,
Vegetarian,Borani Esfanaaj,635679,,,,
Vegetarian,"Quinoa, Tomato, Green Onion Side Salad",657698,,,,
Vegetarian,Easy Tabouleh,642121,,,,
Vegetarian,Winter Fattoush Salad,665378,,,,
Vegetarian,Cauliflower Chickpea Stew,637297,,,,
Vegetarian,Skinny Veggie Fried Rice,660231,,,,
Vegetarian,Watercress Salad With Miso-Lime Dressing,665000,,,,
Vegetarian,Indian-Style Dill and Turmeric Potato Salad,647875,,,,
Vegetarian,Vegan Colcannon Soup,664419,,,,
Vegetarian,Butternut Squash Tofu Salad With Toasted Hazelnuts,636604,,,,
Vegetarian,Seasonal Autumn Stew,659689,,,,
Vegetarian,Ham and Swiss Panini With Mushrooms and Kale,646191,,,,
Vegetarian,Red Lentil Salad,658070,,,,
Vegetarian,Garlicky Roasted Kale,644390,,,,
Vegetarian,Minted Pea & Spinach Soup,652038,,,,
Vegetarian,"Spinach, Tomato & Onion Couscous",661365,,,,
Vegetarian,Baked Ratatouille,633754,,,,
Vegetarian,Spicy Cauliflower,661074,,,,
Vegetarian,Baked Rigatoni,633766,,,,
Vegetarian,North by Northwest Couscous Salad,1096185,,,,
Vegetarian,Carolina Caviar - Black Bean Salsa,637157,,,,
Vegetarian,Chia Yogurt Apricot Bowl,794527,,,,
Vegetarian,Roasted Brussels Sprouts With Garlic,658515,,,,
Vegetarian,Dressed Up Kale Salad,792072,,,,
Vegetarian,Green Tomato Salad,645555,,,,
Vegetarian,Gulasch,646051,,,,
Vegetarian,Yellow Squash Noodles with Tomato Basil Sauce,665527,,,,
Vegetarian,Lentil Rice Soup,649926,,,,
Vegetarian,One Pot Veggie Quinoa,653682,,,,
Vegetarian,Fire Roasted Tomato Chutney,642892,,,,
Vegetarian,Avocado and Cannellini Bean Salad,633120,,,,
Vegetarian,Quinoa Tabouli Salad,1096186,,,,
Vegetarian,Zucchini Salad Pita Pockets,1095849,,,,
Vegetarian,Italian Steamed Artichokes,648257,,,,
Vegetarian,Egyptain Cauliflower Side Salad,642346,202,16g,15g,4g
Ketogenic,Finger Foods: Frittata Muffins,716432,,,,
Ketogenic,Almond Joy Protein Shake,794538,,,,
Ketogenic,Salmon Caesar Salad,646512,,,,
Ketogenic,Chimichurri Skirt Steak with Grilled Asparagus,638626,,,,
Ketogenic,Chicken Liver Salad,638166,,,,
Ketogenic,Chicken Suya,716342,,,,
Ketogenic,Salmon Confit with Lemongrass Sauce,659060,,,,
Ketogenic,Stuffed Salmon With Tomato-Olive Tapenade,662087,,,,
Ketogenic,Steak Salad with Chimichurri Sauce,1096025,,,,
Ketogenic,Flank Steak with Herbed Salsa,643061,,,,
Ketogenic,Pork Chops with Garlic Cream,656752,,,,
Ketogenic,Stinging Nettle Pesto,661645,,,,
Ketogenic,Lamb Tagine Stew,649248,,,,
Ketogenic,Cedar-Planked Salmon With Mustard Dill Sauce,637335,,,,
Ketogenic,Spicy Lump Crab and Avocado Salad,661126,,,,
Ketogenic,Classic Basil Pesto Sauce,639564,,,,
Ketogenic,A Chimichurri You'll Want to Put on Everything,1697773,,,,
Ketogenic,Slow Cooker Rosemary Whole Chicken,715525,,,,
Ketogenic,Pan Seared Lamb Loin With Chimichurri & Roasted Trio Squash Salad With Goat Cheese and Pinenuts,654432,,,,
Ketogenic,Kale Chips with Parmesan Cheese and Garlic,1096277,,,,
Ketogenic,Raspberry Arugula Side Salad,1095693,,,,
Ketogenic,Simple Chicken Breast Salad,641220,,,,
Ketogenic,Garlic Oregano Olive Tapenade,1095689,,,,
Ketogenic,Slow Cooker Lamb Beet Meatballs,1096265,,,,
Ketogenic,Marinated Flat Iron Steak,651034,,,,
Ketogenic,Buffalo Ranch Chicken Dip,715432,,,,
Ketogenic,Crab Salad in Avocado Boats,640311,,,,
Ketogenic,Turkey Avocado BLT Salad,715521,,,,
Ketogenic,Protein Packed Carrot Muffins,657178,,,,
Ketogenic,Excellent No Fail and Easy Keto Zucchini Lasagna,1046983,,,,
Ketogenic,Lamb Coconut Tomato Curry Sauce,716338,,,,
Ketogenic,Fresh and Simple Swai Ceviche,643428,,,,
Ketogenic,Roasted Butterflied Chicken w. Onions & Carrots,716427,,,,
Ketogenic,Low Carb Brunch Burger,650377,,,,
Ketogenic,Strip steak with roasted cherry tomatoes and vegetable mash,661948,,,,
Ketogenic,Salmon Burgers With Roasted Red Pepper Aioli,659058,,,,
Ketogenic,Cabbage and Sausage Casserole,1697585,,,,
Ketogenic,Linefish Simmered In A Spiced Coconut Gravy,650112,,,,
Ketogenic,Grilled Chicken With Spinach-Chive Pesto,645673,,,,
Ketogenic,"Cheesy Frittata with Spinach, Asparagus and Mushrooms",1096276,,,,
Ketogenic,Creamy Balsamic Chicken with Mushrooms and Fresh Parsley,1697813,,,,
Ketogenic,Lusciously Lemony Lentil Soup,650487,,,,
Ketogenic,Bacon-Wrapped Salmon,1096261,,,,
Ketogenic,Liz's Lomo Saltado,650225,,,,
Ketogenic,Entrecote Steak with Asparagus,471242,,,,
Ketogenic,Indian-Spiced Ground Beef Main Dish,645961,,,,
Ketogenic,Kung Po Chicken,649131,,,,
Ketogenic,Peri Peri Chicken and Savoury Rice,716296,,,,
Ketogenic,Pan-seared salmon with brown butter lime sauce and roasted asparagus,654476,,,,
Ketogenic,Parmesan chicken nuggets,654663,,,,
Ketogenic,Roasted Asparagus Frittata,1096202,,,,
Ketogenic,Omega-3 Creamy Leek Soup,157081,,,,
Ketogenic,Kari Kepala Ikan Bersama Belimbing Buluh (Fish Head Curry),648758,,,,
Ketogenic,Filet Stroganoff,642834,,,,
Ketogenic,"Chicken Avocado Burger (Whole 30, PALEO, & Simple Fit Forty)",780000,,,,
Ketogenic,Cranberry and Orange Juice Spareribs,640349,,,,
Ketogenic,Fluffy frittata with spinach,643150,,,,
Ketogenic,Hearty Meaty Fall Soup,646575,,,,
Ketogenic,15-Minute Tamari Marinated Steak Salad,1095697,,,,
Ketogenic,Sheesh Kabobs with Yogurt Dip,659834,,,,
Ketogenic,Farmer's Strata with Kale and Tomatoes,642596,,,,
Ketogenic,Crock-Pot: Asian-Style Country Ribs with Black Bean Garlic Sauce,735820,,,,
Ketogenic,Keto Broccoli Cheese Soup,1096218,,,,
Ketogenic,Beef With Oranges and Spices,634715,,,,
Ketogenic,Oven Rib-Eye Steaks with Cream Sauce,1095874,,,,
Ketogenic,Tex-Mex Polenta Rounds with Chunky Guacamole,663054,,,,
Ketogenic,Meatballs with basil and roasted pepper sauce,1095898,,,,
Ketogenic,Chicken En Papillote With Basil and Cherry Tomatoes,638071,,,,
Ketogenic,Clear & Quick Chicken Soup,639657,,,,
Ketogenic,Chicken with White Wine Tarragon Cream Sauce,638455,,,,
Ketogenic,5-minute Ricotta Garlic Herb Dip,1697679,,,,
Ketogenic,Spinach Goats Cheese Roulade Main Dish,1096208,,,,
Ketogenic,Tuna and Tofu Cold Dish,663905,,,,
Ketogenic,Pittata - Pizza Frittata,622598,,,,
Ketogenic,Palak Paneer,654373,,,,
Ketogenic,"Serbian Raznjici - Kebabs With Pork, Bacon, Onion and Sweet Pepper",659742,,,,
Ketogenic,Cream Cheese Stuffed Chicken Breasts,640509,,,,
Ketogenic,Portobello Baked Eggs,157960,,,,
Ketogenic,Hyderabadi Chicken Curry,647680,,,,
Ketogenic,Huevos A La Flamenca,647606,,,,
Ketogenic,Kashmiri Rogan Josh,648774,,,,
Ketogenic,Keto Brussels Sprouts Gratin,1096222,,,,
Ketogenic,Easy Baked Chicken,710766,,,,
Ketogenic,Bacon-Wrapped Meatloaf,633372,,,,
Ketogenic,Pan-Roasted Swordfish with Chopped Tomatoes and Lemon Beurre Blanc,654469,,,,
Ketogenic,Curry Chicken Salad,650378,,,,
Ketogenic,Sheet Pan Dinner: Hanger Steak with Mushrooms and Carrots,1697673,,,,
Ketogenic,Loaded Veggie Omelet,650239,,,,
Ketogenic,Murgh Tandoori,652602,,,,
Ketogenic,Meat rolls with prosciutto and sage,651326,,,,
Ketogenic,Avocado and Crawfish Appetizers,633123,,,,
Ketogenic,Steamed Chicken With Soy-Ginger Sauce,661556,,,,
Ketogenic,Your Basic Low Carb Breakfast,1747693,,,,
Ketogenic,Grilled Ginger Miso Chicken,645722,,,,
Ketogenic,Classic New England Crab Cakes,639620,,,,
Ketogenic,Shrimp Scampi Zoodles,1182871,,,,
Ketogenic,Game Day Jerk Wings,644149,,,,
Ketogenic,Dairy Free Chicken Salad,641200,,,,
Ketogenic,Italian Style Baked Chicken Thighs,1095830,,,,
Ketogenic,Baked Chicken With Lemon & Garlic,633541,517,11g,38g,31g
Vegan,Cannellini Bean and Asparagus Salad with Mushrooms,782585,,,,
Vegan,Asparagus and Pea Soup: Real Convenience Food,716406,,,,
Vegan,Garlicky Kale,644387,,,,
Vegan,Red Kidney Bean Jambalaya,782601,,,,
Vegan,"Cauliflower, Brown Rice, and Vegetable Fried Rice",716426,,,,
Vegan,Hummus and Za'atar,766453,,,,
Vegan,Easy Homemade Rice and Beans,716627,,,,
Vegan,Tuscan White Bean Soup with Olive Oil and Rosemary,664147,,,,
Vegan,Broccoli and Chickpea Rice Salad,794349,,,,
Vegan,Broccolini Quinoa Pilaf,715769,,,,
Vegan,Herbivoracious' White Bean and Kale Soup,646738,,,,
Vegan,Summer Berry Salad,715540,,,,
Vegan,Tomato and lentil soup,663559,,,,
Vegan,Swiss Chard Wraps,662670,,,,
Vegan,Corn Avocado Salsa,640062,,,,
Vegan,Spicy Black-Eyed Pea Curry with Swiss Chard and Roasted Eggplant,798400,,,,
Vegan,Quinoa Salad with Vegetables and Cashews,782600,,,,
Vegan,Moroccan chickpea and lentil stew,652417,,,,
Vegan,Citrusy Pecan Garbanzo Couscous: A Salad For Cold Weather,639535,,,,
Vegan,Lentil Salad With Vegetables,649931,,,,
Vegan,Moroccan Couscous and Chickpea Salad,652423,,,,
Vegan,Homemade Guacamole,715543,,,,
Vegan,Roasted Broccoli with Lemon and Garlic,658509,,,,
Vegan,Spicy Indian-Style Hummus,716195,,,,
Vegan,Curried Butternut Squash and Apple Soup,641057,,,,
Vegan,Amaranth and Roast Veggie Salad,632269,,,,
Vegan,Carrot and Cabbage Salad With Coriander+cumin Dry Rub,637162,,,,
Vegan,Instant Pot Quinoa Grain Bowl,982371,,,,
Vegan,Roasted Cauliflower Detox Bowl with Tahini Sauce,1095753,,,,
Vegan,Alouette® Stuffed Mushroom Caps,632252,,,,
Vegan,Easy Roasted Vegetables,642085,,,,
Vegan,Butternut Squash Soup (In Half An Hour!),636602,,,,
Vegan,Lentil Mango Salad,649944,,,,
Vegan,Gujarati Dry Mung Bean Curry,646043,,,,
Vegan,Basil Tagliatelle with Roasted Red Bell Pepper Salad,634437,,,,
Vegan,Moosewood Lentil Soup,652393,,,,
Vegan,Broccoli Tartar,636228,,,,
Vegan,Balsamic Roasted Vegetables,633942,,,,
Vegan,Lemony Greek Lentil Soup,649886,,,,
Vegan,Lebanese Tabouleh,649411,,,,
Vegan,Hummus with roasted orange peppers,647634,,,,
Vegan,Baby Bok Choy Stir Fry,633226,,,,
Vegan,Baked Penne,633711,,,,
Vegan,Penne Arrabiata,655573,,,,
Vegan,Delicious Creamy Lentils and Chestnuts Soup,641387,,,,
Vegan,"Spicy lentil and black rice soup with kale, spinach and leek",661122,,,,
Vegan,Cauliflower Rice,1697645,,,,
Vegan,Pasta With Chickpeas and Kale,654905,,,,
Vegan,"Quinoa, Tomato, Green Onion Side Salad",657698,,,,
Vegan,Easy Tabouleh,642121,,,,
Vegan,Cauliflower Chickpea Stew,637297,,,,
Vegan,Skinny Veggie Fried Rice,660231,,,,
Vegan,Watercress Salad With Miso-Lime Dressing,665000,,,,
Vegan,Indian-Style Dill and Turmeric Potato Salad,647875,,,,
Vegan,Vegan Colcannon Soup,664419,,,,
Vegan,Butternut Squash Tofu Salad With Toasted Hazelnuts,636604,,,,
Vegan,Seasonal Autumn Stew,659689,,,,
Vegan,Red Lentil Salad,658070,,,,
Vegan,Garlicky Roasted Kale,644390,,,,
Vegan,Spicy Cauliflower,661074,,,,
Vegan,North by Northwest Couscous Salad,1096185,,,,
Vegan,Carolina Caviar - Black Bean Salsa,637157,,,,
Vegan,Roasted Brussels Sprouts With Garlic,658515,,,,
Vegan,Dressed Up Kale Salad,792072,,,,
Vegan,Green Tomato Salad,645555,,,,
Vegan,Gulasch,646051,,,,
Vegan,Yellow Squash Noodles with Tomato Basil Sauce,665527,,,,
Vegan,Lentil Rice Soup,649926,,,,
Vegan,Fire Roasted Tomato Chutney,642892,,,,
Vegan,Avocado and Cannellini Bean Salad,633120,,,,
Vegan,Quinoa Tabouli Salad,1096186,,,,
Vegan,Italian Steamed Artichokes,648257,,,,
Vegan,Egyptain Cauliflower Side Salad,642346,202,16g,15g,4g
Vegan,Armenian Stew,632718,,,,
Vegan,Beet Salad With Peppers and Lettuce,634792,,,,
Vegan,Chapchae (Korean Stir-Fried Noodles),637440,,,,
Vegan,Mushroom & Cabbage Brown Rice Congee,652607,,,,
Vegan,White Bean & Squash Dip,665138,,,,
Vegan,Mung Bean Sprout and Quinoa Salad,652594,,,,
Vegan,Falafel Burgers,642540,,,,
Vegan,Autumn In A Bowl Soup,633097,,,,
Vegan,Miso Soup With Thin Noodles,652078,,,,
Vegan,Okra Tomato Salad,653549,,,,
Vegan,Mushroom Hummus Crostini,1095745,,,,
Vegan,"Summer Kale, Orange & Pomegranate Salad with Moscato Dressing",662231,,,,
Vegan,"fennel, Peppers, Lettuce Salad",665831,,,,
Vegan,"Lentil, Sweet Potato and Spinach Soup",649946,,,,
Vegan,Roma Tomato Bruschetta,658753,,,,
Vegan,Goldilocks Chia Seed Porridge,645032,,,,
Vegan,Vegan Taco bowls with Cilantro Lime Cauliflower Rice,664501,,,,
Vegan,Whole Wheat Spaghetti with Basil Avocado Pesto,1095750,,,,
Vegan,Roast Cauliflower Salad with Green Beans and Cherry Tomatoes,658414,,,,
Vegan,Black Quinoa Asian Slaw,635148,,,,
Vegan,Butternut Squash & Pear Soup: Real Convenience Food,716415,,,,
Vegan,Black Beans & Brown Rice With Garlicky Kale,635081,,,,
Vegan,Quinoa Salad with Barberries & Nuts,1098387,,,,
Vegan,Grilled Broccoli with Garlic Roasted Red Pepper Sauce,1096041,,,,
Vegan,Mango Salsa,716290,,,,
Vegan,Carrot and Coriander Soup,637164,,,,
Vegan,Stir Fried Cabbage and Tomatoes,661653,95,22g,0.5g,4g
Gluten free,Cannellini Bean and Asparagus Salad with Mushrooms,782585,,,,
Gluten free,Red Lentil Soup with Chicken and Turnips,715415,,,,
Gluten free,Asparagus and Pea Soup: Real Convenience Food,716406,,,,
Gluten free,Garlicky Kale,644387,,,,
Gluten free,Slow Cooker Beef Stew,715446,,,,
Gluten free,Red Kidney Bean Jambalaya,782601,,,,
Gluten free,Chicken Fajita Stuffed Bell Pepper,795751,,,,
Gluten free,"Cauliflower, Brown Rice, and Vegetable Fried Rice",716426,,,,
Gluten free,Hummus and Za'atar,766453,,,,
Gluten free,Easy Homemade Rice and Beans,716627,,,,
Gluten free,Tuscan White Bean Soup with Olive Oil and Rosemary,664147,,,,
Gluten free,Crunchy Brussels Sprouts Side Dish,640941,,,,
Gluten free,Broccoli and Chickpea Rice Salad,794349,,,,
Gluten free,Nigerian Snail Stew,716381,,,,
Gluten free,Slow Cooker: Pork and Garbanzo Beans,660306,,,,
Gluten free,Powerhouse Almond Matcha Superfood Smoothie,756814,,,,
Gluten free,Broccolini Quinoa Pilaf,715769,,,,
Gluten free,Easy To Make Spring Rolls,642129,,,,
Gluten free,Butternut Squash Frittata,636589,,,,
Gluten free,Herbivoracious' White Bean and Kale Soup,646738,,,,
Gluten free,Summer Berry Salad,715540,,,,
Gluten free,Tomato and lentil soup,663559,,,,
Gluten free,Swiss Chard Wraps,662670,,,,
Gluten free,Corn Avocado Salsa,640062,,,,
Gluten free,Cheesy Chicken Enchilada Quinoa Casserole,715421,,,,
Gluten free,Jade Buddha Salmon Tartare,648320,,,,
Gluten free,Finger Foods: Frittata Muffins,716432,,,,
Gluten free,Spicy Black-Eyed Pea Curry with Swiss Chard and Roasted Eggplant,798400,,,,
Gluten free,Quinoa Salad with Vegetables and Cashews,782600,,,,
Gluten free,Plantain Salad,729366,,,,
Gluten free,Strawberry-Mango Quinoa Salad,661925,,,,
Gluten free,Almond Joy Protein Shake,794538,,,,
Gluten free,Lentil Salad With Vegetables,649931,,,,
Gluten free,Caldo Verde - Portuguese Kale Soup,636787,,,,
Gluten free,Mango Fried Rice,716311,,,,
Gluten free,Homemade Guacamole,715543,,,,
Gluten free,"Spicy Salad with Kidney Beans, Cheddar, and Nuts",157344,,,,
Gluten free,Roasted Broccoli with Lemon and Garlic,658509,,,,
Gluten free,Spicy Indian-Style Hummus,716195,,,,
Gluten free,"Stir Fried Quinoa, Brown Rice and Chicken Breast",716361,,,,
Gluten free,Snap Pea and Green Bean Salad with Arugula Pesto,765011,,,,
Gluten free,Skinny Kale Basil Pesto,660228,,,,
Gluten free,"Greek-Style Baked Fish: Fresh, Simple, and Delicious",716408,,,,
Gluten free,Spinach Salad with Strawberry Vinaigrette,661340,,,,
Gluten free,Chocolate Peanut Butter Cinnamon Smoothie,782622,,,,
Gluten free,The Best Chili,715424,,,,
Gluten free,Salmon with roasted vegetables,659135,,,,
Gluten free,Cod with Tomato-Olive-Chorizo Sauce and Mashed Potatoes,639851,,,,
Gluten free,Vegetable Dip,664547,,,,
Gluten free,Balsamic & Honey Glazed Salmon with Lemony Asparagus,633921,,,,
Gluten free,"Roasted Endive Salad With Prosciutto, Figs and Pistachios",658579,,,,
Gluten free,Curried Butternut Squash and Apple Soup,641057,,,,
Gluten free,Amaranth and Roast Veggie Salad,632269,,,,
Gluten free,Carrot and Cabbage Salad With Coriander+cumin Dry Rub,637162,,,,
Gluten free,Instant Pot Quinoa Grain Bowl,982371,,,,
Gluten free,Roasted Cauliflower Detox Bowl with Tahini Sauce,1095753,,,,
Gluten free,Smoky Black Bean Soup With Sweet Potato & Kale,660405,,,,
Gluten free,Chorizo and Beef Quinoa Stuffed Pepper,715523,,,,
Gluten free,Coffee-braised Short Ribs,639891,,,,
Gluten free,Herb chicken with sweet potato mash and sautéed broccoli,646651,,,,
Gluten free,Chicken and Mango Skewer,716330,,,,
Gluten free,Easy Roasted Vegetables,642085,,,,
Gluten free,Chilled Cucumber Avocado Soup with Yogurt and Kefir,716437,,,,
Gluten free,Turkish Chicken Salad with Home-made Cacik Yogurt Sauce,664090,,,,
Gluten free,Butternut Squash Soup (In Half An Hour!),636602,,,,
Gluten free,Lentil Mango Salad,649944,,,,
Gluten free,Gujarati Dry Mung Bean Curry,646043,,,,
Gluten free,Basil Tagliatelle with Roasted Red Bell Pepper Salad,634437,,,,
Gluten free,Peanut Butter and Jelly Smoothie,655235,,,,
Gluten free,Moosewood Lentil Soup,652393,,,,
Gluten free,Shredded Roast Beef Stuffed Sweet Potatoes (Whole 30 & PALEO),769774,,,,
Gluten free,Filet Mignon Soft Tacos,715533,,,,
Gluten free,Cilantro Lime Halibut,639411,,,,
Gluten free,Broccoli Tartar,636228,,,,
Gluten free,Vegetarian Mushroom Shepherd's Pie,664680,,,,
Gluten free,Slow Cooker Chicken Taco Soup,715391,,,,
Gluten free,Asian Chicken and Broccoli With Chili Garlic Sauce,632812,,,,
Gluten free,Balsamic Roasted Vegetables,633942,,,,
Gluten free,Instant Pot Chicken Taco Soup,975070,,,,
Gluten free,Lemony Greek Lentil Soup,649886,,,,
Gluten free,Shrimp and Avocado Salad,659927,,,,
Gluten free,"Vietnamese Pancakes with Vegetables, Herbs and a Fragrant Dipping Sauce (Bánh Xèo)",716217,,,,
Gluten free,"Butternut Squash, Arugula and Goat Cheese Quinoa",636608,,,,
Gluten free,Spaghetti Squash & Tomato Basil Meat Sauce,795514,,,,
Gluten free,Salmon Quinoa Risotto,659109,,,,
Gluten free,Gluten Free Dairy Free Sugar Free Chinese Chicken Salad,644826,,,,
Gluten free,Corn-Crusted Fish Tacos With Jalapeno-Lime Sauce and Spicy Black Beans,640117,,,,
Gluten free,Easy Instant Pot Beef Tips and Rice,1000566,,,,
Gluten free,Hummus with roasted orange peppers,647634,,,,
Gluten free,Radish & Snap Pea Quinoa Salad,657719,,,,
Gluten free,"Salmon, Watercress, Fennel and Baby Beetroot Salad With Lemony ""Caviar"" Dressing",659143,,,,
Gluten free,Ground Turkey Stuffed Peppers,645978,,,,
Gluten free,Brown Butter Twice Baked Sweet Potatoes,715544,,,,
Gluten free,Rice and Peas with Coconut Curry Mackerel,716364,,,,
Gluten free,Baby Bok Choy Stir Fry,633226,,,,
Gluten free,Salmon Caesar Salad,646512,,,,
Gluten free,Delightful Kale and Cabbage Slaw,641422,,,,
Gluten free,Delicious Creamy Lentils and Chestnuts Soup,641387,,,,
Gluten free,Beef Fajita Marinade,715567,,,,
Gluten free,My Favorite Navy Bean Soup,652855,218,40g,1g,13g
